{
    "$schema": "https://schema.management.azure.com/schemas/2015-01-01/deploymentParameters.json#",
    "contentVersion": "1.0.0.0",
    "parameters": {
        "collation": {
            "value": "SQL_Latin1_General_CP1_CI_AS"
        },
        "databaseName": {
            "value": "lwplab"
        },
        "tier": {
            "value": "GeneralPurpose"
        },
        "skuName": {
            "value": "GP_S_Gen5_1"
        },
        "location": {
            "value": "centralindia"
        },
        "maxSizeBytes": {
            "value": 1073741824
        },
        "sampleName": {
            "value": ""
        },
        "serverName": {
            "value": "lwplearningxyz"
        },
        "licenseType": {
            "value": ""
        },
        "readScaleOut": {
            "value": "Disabled"
        },
        "zoneRedundant": {
            "value": false
        },
        "minCapacity": {
            "value": "0.5"
        },
        "autoPauseDelay": {
            "value": "60"
        },
        "numberOfReplicas": {
            "value": 0
        },
        "enableADS": {
            "value": false
        },
        "allowAzureIps": {
            "value": false
        },
        "allowClientIp": {
            "value": false
        },
        "clientIpValue": {
            "value": "202.142.95.213"
        },
        "databaseTags": {
            "value": {}
        },
        "serverTags": {
            "value": {}
        },
        "enableVA": {
            "value": false
        },
        "enableSqlLedger": {
            "value": false
        },
        "enableDigestStorage": {
            "value": "Disabled"
        },
        "digestStorageOption": {
            "value": ""
        },
        "digestStorageName": {
            "value": ""
        },
        "blobStorageContainerName": {
            "value": ""
        },
        "retentionDays": {
            "value": ""
        },
        "retentionPolicy": {
            "value": false
        },
        "digestAccountResourceGroup": {
            "value": ""
        },
        "isNewDigestLocation": {
            "value": false
        },
        "digestRegion": {
            "value": ""
        },
        "storageAccountdigestRegion": {
            "value": ""
        },
        "sqlLedgerTemplateLink": {
            "value": "https://sqlazureextension.hosting.portal.azure.net/sqlazureextension/Content/2.1.01760191/DeploymentTemplates/SqlLedger.json"
        },
        "useVAManagedIdentity": {
            "value": false
        },
        "enablePrivateEndpoint": {
            "value": false
        },
        "privateEndpointNestedTemplateId": {
            "value": "pe-34806b57-9463-4271-b6cc-da6475f73014"
        },
        "privateEndpointSubscriptionId": {
            "value": ""
        },
        "privateEndpointResourceGroup": {
            "value": ""
        },
        "privateEndpointName": {
            "value": ""
        },
        "privateEndpointLocation": {
            "value": ""
        },
        "privateEndpointSubnetId": {
            "value": ""
        },
        "privateLinkServiceName": {
            "value": ""
        },
        "privateLinkServiceServiceId": {
            "value": ""
        },
        "privateEndpointVnetSubscriptionId": {
            "value": ""
        },
        "privateEndpointVnetResourceGroup": {
            "value": ""
        },
        "privateEndpointVnetName": {
            "value": ""
        },
        "privateEndpointSubnetName": {
            "value": ""
        },
        "enablePrivateDnsZone": {
            "value": true
        },
        "privateLinkPrivateDnsZoneFQDN": {
            "value": "privatelink.database.windows.net"
        },
        "privateEndpointDnsRecordUniqueId": {
            "value": "34806b57-9463-4271-b6cc-da6475f73017"
        },
        "privateEndpointTemplateLink": {
            "value": "https://sqlazureextension.hosting.portal.azure.net/sqlazureextension/Content/2.1.01760191/DeploymentTemplates/PrivateEndpoint.json"
        },
        "privateDnsForPrivateEndpointTemplateLink": {
            "value": "https://sqlazureextension.hosting.portal.azure.net/sqlazureextension/Content/2.1.01760191/DeploymentTemplates/PrivateDnsForPrivateEndpoint.json"
        },
        "privateDnsForPrivateEndpointNicTemplateLink": {
            "value": "https://sqlazureextension.hosting.portal.azure.net/sqlazureextension/Content/2.1.01760191/DeploymentTemplates/PrivateDnsForPrivateEndpointNic.json"
        },
        "privateDnsForPrivateEndpointIpConfigTemplateLink": {
            "value": "https://sqlazureextension.hosting.portal.azure.net/sqlazureextension/Content/2.1.01760191/DeploymentTemplates/PrivateDnsForPrivateEndpointIpConfig.json"
        },
        "clientIpRuleName": {
            "value": "ClientIp-2021-11-10_19-56-6"
        },
        "minimalTlsVersion": {
            "value": "1.2"
        },
        "connectionType": {
            "value": "Default"
        },
        "requestedBackupStorageRedundancy": {
            "value": "Local"
        },
        "maintenanceConfigurationId": {
            "value": "/subscriptions/2b5b24ae-28fc-4fdb-a937-86ff20244345/providers/Microsoft.Maintenance/publicMaintenanceConfigurations/SQL_CentralIndia_DB_1"
        },
        "administratorLogin": {
            "value": "user"
        },
        "administratorLoginPassword": {
            "value": null
        },
        "identity": {
            "value": {
                "type": "None"
            }
        },
        "primaryUserAssignedIdentityId": {
            "value": ""
        }
    }
}